Date,Region,Malades
2020-03-29,Dakar,85
2020-03-31,Dakar,117
2020-04-01,Dakar,131
2020-04-02,Dakar,136
2020-04-03,Dakar,140
2020-04-04,Dakar,150
2020-04-05,Dakar,153
2020-04-06,Dakar,156
2020-04-07,Dakar,167
2020-04-08,Dakar,173
2020-04-09,Dakar,176
2020-04-10,Dakar,180
2020-04-14,Dakar,195
2020-04-15,Dakar,207
2020-04-16,Dakar,215
2020-04-17,Dakar,218
2020-04-18,Dakar,224
2020-04-19,Dakar,232
2020-04-20,Dakar,236
2020-04-21,Dakar,257
2020-04-22,Dakar,272
2020-04-23,Dakar,297
2020-04-24,Dakar,341
2020-04-25,Dakar,400
2020-04-26,Dakar,417
2020-04-27,Dakar,467
2020-04-28,Dakar,515
2020-04-29,Dakar,559
2020-04-30,Dakar,579
2020-05-01,Dakar,627
2020-05-02,Dakar,669
2020-05-03,Dakar,714
2020-05-04,Dakar,765
2020-05-05,Dakar,795
2020-05-06,Dakar,869
2020-05-07,Dakar,917
2020-05-08,Dakar,959
2020-05-09,Dakar,1029
2020-05-10,Dakar,1092
2020-05-11,Dakar,1224
2020-05-12,Dakar,1316
2020-05-13,Dakar,1396
2020-05-14,Dakar,1449
2020-05-15,Dakar,1546
2020-05-16,Dakar,1657
2020-05-17,Dakar,1705
2020-05-18,Dakar,1760
2020-05-19,Dakar,1830
2020-05-20,Dakar,1908
2020-05-21,Dakar,1982
2020-05-22,Dakar,2066
2020-05-23,Dakar,2128
2020-05-24,Dakar,2194
2020-05-25,Dakar,2274
2020-05-26,Dakar,2301
2020-05-27,Dakar,2384
2020-05-28,Dakar,2461
2020-05-29,Dakar,2525
2020-05-30,Dakar,2619
2020-05-31,Dakar,2711
2020-06-01,Dakar,2785
2020-06-02,Dakar,2856
2020-06-03,Dakar,2936
2020-06-04,Dakar,3017
2020-06-05,Dakar,3115
2020-06-07,Dakar,3261
2020-06-08,Dakar,3350
2020-06-09,Dakar,3424
2020-06-10,Dakar,3533
2020-06-11,Dakar,3639
2020-06-12,Dakar,3719
2020-06-14,Dakar,3889
2020-06-15,Dakar,3950
2020-06-16,Dakar,4007
2020-06-17,Dakar,4110
2020-06-18,Dakar,4186
2020-06-19,Dakar,4305
2020-06-20,Dakar,4412
2020-06-21,Dakar,4499
2020-06-22,Dakar,4540
2020-06-23,Dakar,4585
2020-06-24,Dakar,4662
2020-06-25,Dakar,4747
2020-06-26,Dakar,4810
2020-06-27,Dakar,4889
2020-06-28,Dakar,4986
2020-06-29,Dakar,5046
2020-06-30,Dakar,5080
2020-07-01,Dakar,5166
2020-07-02,Dakar,5254
2020-07-03,Dakar,5325
2020-07-04,Dakar,5400
2020-07-05,Dakar,5503
2020-07-06,Dakar,5560
2020-07-07,Dakar,5607
2020-07-08,Dakar,5706
2020-07-09,Dakar,5787
2020-07-10,Dakar,5867
2020-07-11,Dakar,5979
2020-07-12,Dakar,6062
2020-07-13,Dakar,6117
2020-07-14,Dakar,6154
2020-07-15,Dakar,6243
2020-07-16,Dakar,6333
2020-07-17,Dakar,6372
2020-07-20,Dakar,6682
2020-07-21,Dakar,6712
2020-07-22,Dakar,6798
2020-07-23,Dakar,6915
2020-07-24,Dakar,7016
2020-07-25,Dakar,7119
2020-07-26,Dakar,7196
2020-07-28,Dakar,7291
2020-07-29,Dakar,7414
2020-07-30,Dakar,7520
2020-08-02,Dakar,7713
2020-08-04,Dakar,7781
2020-08-05,Dakar,7844
2020-08-07,Dakar,8085
2020-08-09,Dakar,8256
2020-08-10,Dakar,8329
2020-08-11,Dakar,8349
2020-08-12,Dakar,8472
2020-08-14,Dakar,8631
2020-08-16,Dakar,8733
2020-08-17,Dakar,8840
2020-08-18,Dakar,8875
2020-08-19,Dakar,8939
2020-08-20,Dakar,9009
2020-08-21,Dakar,9055
2020-08-22,Dakar,9153
2020-08-23,Dakar,9203
2020-08-24,Dakar,9243
2020-08-25,Dakar,9262
2020-08-26,Dakar,9340
2020-08-27,Dakar,9395
2020-08-28,Dakar,9446
2020-08-30,Dakar,9541
2020-08-31,Dakar,9575
2020-09-01,Dakar,9583
2020-09-02,Dakar,9631
2020-09-03,Dakar,9677
2020-09-04,Dakar,9709
2020-09-05,Dakar,9740
2020-09-06,Dakar,9772
2020-09-07,Dakar,9788
2020-09-08,Dakar,9803
2020-09-09,Dakar,9841
2020-09-10,Dakar,9873
2020-09-11,Dakar,9895
2020-09-12,Dakar,9928
2020-09-13,Dakar,9955
2020-09-14,Dakar,9971
2020-09-15,Dakar,9977
2020-09-16,Dakar,10005
2020-09-17,Dakar,10046
2020-09-18,Dakar,10062
2020-09-19,Dakar,10086
2020-09-20,Dakar,10100
2020-09-21,Dakar,10116
2020-09-22,Dakar,10127
2020-09-23,Dakar,10154
2020-09-24,Dakar,10165
2020-09-27,Dakar,10221
2020-09-28,Dakar,10227
2020-09-29,Dakar,10233
2020-09-30,Dakar,10253
2020-10-01,Dakar,10276
2020-10-02,Dakar,10298
2020-10-04,Dakar,10311
2020-10-07,Dakar,10365
2020-10-08,Dakar,10371
2020-10-11,Dakar,10429
2020-10-12,Dakar,10443
2020-10-14,Dakar,10465
2020-10-16,Dakar,10487
2020-10-17,Dakar,10507
2020-10-19,Dakar,10533
2020-10-20,Dakar,10537
2020-03-29,Diourbel,26
2020-03-31,Diourbel,26
2020-04-01,Diourbel,26
2020-04-02,Diourbel,26
2020-04-03,Diourbel,26
2020-04-04,Diourbel,26
2020-04-05,Diourbel,26
2020-04-06,Diourbel,26
2020-04-07,Diourbel,26
2020-04-08,Diourbel,26
2020-04-09,Diourbel,26
2020-04-10,Diourbel,26
2020-04-14,Diourbel,27
2020-04-15,Diourbel,27
2020-04-16,Diourbel,28
2020-04-17,Diourbel,30
2020-04-18,Diourbel,31
2020-04-19,Diourbel,31
2020-04-20,Diourbel,35
2020-04-21,Diourbel,41
2020-04-22,Diourbel,50
2020-04-23,Diourbel,58
2020-04-24,Diourbel,63
2020-04-25,Diourbel,70
2020-04-26,Diourbel,93
2020-04-27,Diourbel,103
2020-04-28,Diourbel,114
2020-04-29,Diourbel,117
2020-04-30,Diourbel,131
2020-05-01,Diourbel,138
2020-05-02,Diourbel,161
2020-05-03,Diourbel,169
2020-05-04,Diourbel,181
2020-05-05,Diourbel,197
2020-05-06,Diourbel,200
2020-05-07,Diourbel,208
2020-05-08,Diourbel,218
2020-05-09,Diourbel,226
2020-05-10,Diourbel,238
2020-05-11,Diourbel,259
2020-05-12,Diourbel,270
2020-05-13,Diourbel,290
2020-05-14,Diourbel,313
2020-05-15,Diourbel,321
2020-05-16,Diourbel,326
2020-05-17,Diourbel,329
2020-05-18,Diourbel,333
2020-05-19,Diourbel,335
2020-05-20,Diourbel,342
2020-05-21,Diourbel,345
2020-05-22,Diourbel,346
2020-05-23,Diourbel,347
2020-05-24,Diourbel,351
2020-05-25,Diourbel,351
2020-05-26,Diourbel,355
2020-05-27,Diourbel,363
2020-05-28,Diourbel,367
2020-05-29,Diourbel,374
2020-05-30,Diourbel,382
2020-05-31,Diourbel,399
2020-06-01,Diourbel,403
2020-06-02,Diourbel,411
2020-06-03,Diourbel,417
2020-06-04,Diourbel,418
2020-06-05,Diourbel,433
2020-06-07,Diourbel,447
2020-06-08,Diourbel,449
2020-06-09,Diourbel,460
2020-06-10,Diourbel,466
2020-06-11,Diourbel,470
2020-06-12,Diourbel,477
2020-06-14,Diourbel,491
2020-06-15,Diourbel,500
2020-06-16,Diourbel,507
2020-06-17,Diourbel,520
2020-06-18,Diourbel,526
2020-06-19,Diourbel,531
2020-06-20,Diourbel,533
2020-06-21,Diourbel,533
2020-06-22,Diourbel,542
2020-06-23,Diourbel,546
2020-06-24,Diourbel,548
2020-06-25,Diourbel,552
2020-06-26,Diourbel,559
2020-06-27,Diourbel,562
2020-06-28,Diourbel,569
2020-06-29,Diourbel,572
2020-06-30,Diourbel,584
2020-07-01,Diourbel,593
2020-07-02,Diourbel,599
2020-07-03,Diourbel,603
2020-07-04,Diourbel,610
2020-07-05,Diourbel,611
2020-07-06,Diourbel,614
2020-07-07,Diourbel,622
2020-07-08,Diourbel,625
2020-07-09,Diourbel,628
2020-07-10,Diourbel,633
2020-07-11,Diourbel,636
2020-07-12,Diourbel,637
2020-07-13,Diourbel,637
2020-07-14,Diourbel,639
2020-07-15,Diourbel,644
2020-07-16,Diourbel,644
2020-07-17,Diourbel,645
2020-07-20,Diourbel,653
2020-07-21,Diourbel,655
2020-07-22,Diourbel,656
2020-07-23,Diourbel,660
2020-07-24,Diourbel,666
2020-07-25,Diourbel,668
2020-07-26,Diourbel,669
2020-07-28,Diourbel,671
2020-07-29,Diourbel,674
2020-07-30,Diourbel,676
2020-08-02,Diourbel,678
2020-08-04,Diourbel,680
2020-08-05,Diourbel,683
2020-08-07,Diourbel,688
2020-08-09,Diourbel,693
2020-08-10,Diourbel,695
2020-08-11,Diourbel,699
2020-08-12,Diourbel,700
2020-08-14,Diourbel,702
2020-08-16,Diourbel,706
2020-08-17,Diourbel,708
2020-08-18,Diourbel,710
2020-08-19,Diourbel,712
2020-08-20,Diourbel,713
2020-08-21,Diourbel,717
2020-08-22,Diourbel,719
2020-08-23,Diourbel,719
2020-08-24,Diourbel,719
2020-08-25,Diourbel,720
2020-08-26,Diourbel,723
2020-08-27,Diourbel,723
2020-08-28,Diourbel,723
2020-08-30,Diourbel,724
2020-08-31,Diourbel,725
2020-09-01,Diourbel,725
2020-09-02,Diourbel,725
2020-09-03,Diourbel,726
2020-09-04,Diourbel,726
2020-09-05,Diourbel,729
2020-09-06,Diourbel,729
2020-09-07,Diourbel,729
2020-09-08,Diourbel,730
2020-09-09,Diourbel,730
2020-09-10,Diourbel,730
2020-09-11,Diourbel,731
2020-09-12,Diourbel,731
2020-09-13,Diourbel,731
2020-09-14,Diourbel,731
2020-09-15,Diourbel,732
2020-09-16,Diourbel,732
2020-09-17,Diourbel,732
2020-09-18,Diourbel,732
2020-09-19,Diourbel,732
2020-09-20,Diourbel,732
2020-09-21,Diourbel,732
2020-09-22,Diourbel,732
2020-09-23,Diourbel,732
2020-09-24,Diourbel,734
2020-09-27,Diourbel,735
2020-09-28,Diourbel,735
2020-09-29,Diourbel,738
2020-09-30,Diourbel,741
2020-10-01,Diourbel,741
2020-10-02,Diourbel,741
2020-10-04,Diourbel,741
2020-10-07,Diourbel,742
2020-10-08,Diourbel,744
2020-10-11,Diourbel,744
2020-10-12,Diourbel,744
2020-10-14,Diourbel,744
2020-10-16,Diourbel,744
2020-10-17,Diourbel,744
2020-10-19,Diourbel,746
2020-10-20,Diourbel,746
2020-03-29,Fatick,1
2020-03-31,Fatick,1
2020-04-01,Fatick,1
2020-04-02,Fatick,1
2020-04-03,Fatick,1
2020-04-04,Fatick,1
2020-04-05,Fatick,1
2020-04-06,Fatick,1
2020-04-07,Fatick,1
2020-04-08,Fatick,1
2020-04-09,Fatick,1
2020-04-10,Fatick,1
2020-04-14,Fatick,1
2020-04-15,Fatick,1
2020-04-16,Fatick,1
2020-04-17,Fatick,1
2020-04-18,Fatick,1
2020-04-19,Fatick,1
2020-04-20,Fatick,1
2020-04-21,Fatick,1
2020-04-22,Fatick,1
2020-04-23,Fatick,1
2020-04-24,Fatick,1
2020-04-25,Fatick,1
2020-04-26,Fatick,1
2020-04-27,Fatick,1
2020-04-28,Fatick,1
2020-04-29,Fatick,1
2020-04-30,Fatick,1
2020-05-01,Fatick,1
2020-05-02,Fatick,1
2020-05-03,Fatick,1
2020-05-04,Fatick,1
2020-05-05,Fatick,1
2020-05-06,Fatick,1
2020-05-07,Fatick,1
2020-05-08,Fatick,1
2020-05-09,Fatick,1
2020-05-10,Fatick,1
2020-05-11,Fatick,2
2020-05-12,Fatick,2
2020-05-13,Fatick,2
2020-05-14,Fatick,2
2020-05-15,Fatick,2
2020-05-16,Fatick,2
2020-05-17,Fatick,2
2020-05-18,Fatick,3
2020-05-19,Fatick,3
2020-05-20,Fatick,3
2020-05-21,Fatick,3
2020-05-22,Fatick,3
2020-05-23,Fatick,3
2020-05-24,Fatick,3
2020-05-25,Fatick,3
2020-05-26,Fatick,3
2020-05-27,Fatick,3
2020-05-28,Fatick,3
2020-05-29,Fatick,3
2020-05-30,Fatick,3
2020-05-31,Fatick,3
2020-06-01,Fatick,3
2020-06-02,Fatick,3
2020-06-03,Fatick,3
2020-06-04,Fatick,4
2020-06-05,Fatick,4
2020-06-07,Fatick,4
2020-06-08,Fatick,4
2020-06-09,Fatick,4
2020-06-10,Fatick,4
2020-06-11,Fatick,4
2020-06-12,Fatick,4
2020-06-14,Fatick,4
2020-06-15,Fatick,5
2020-06-16,Fatick,6
2020-06-17,Fatick,8
2020-06-18,Fatick,9
2020-06-19,Fatick,15
2020-06-20,Fatick,18
2020-06-21,Fatick,18
2020-06-22,Fatick,20
2020-06-23,Fatick,20
2020-06-24,Fatick,20
2020-06-25,Fatick,20
2020-06-26,Fatick,23
2020-06-27,Fatick,25
2020-06-28,Fatick,25
2020-06-29,Fatick,26
2020-06-30,Fatick,26
2020-07-01,Fatick,27
2020-07-02,Fatick,27
2020-07-03,Fatick,28
2020-07-04,Fatick,28
2020-07-05,Fatick,35
2020-07-06,Fatick,38
2020-07-07,Fatick,38
2020-07-08,Fatick,40
2020-07-09,Fatick,40
2020-07-10,Fatick,40
2020-07-11,Fatick,40
2020-07-12,Fatick,41
2020-07-13,Fatick,42
2020-07-14,Fatick,42
2020-07-15,Fatick,44
2020-07-16,Fatick,44
2020-07-17,Fatick,44
2020-07-20,Fatick,44
2020-07-21,Fatick,44
2020-07-22,Fatick,45
2020-07-23,Fatick,45
2020-07-24,Fatick,46
2020-07-25,Fatick,46
2020-07-26,Fatick,46
2020-07-28,Fatick,47
2020-07-29,Fatick,48
2020-07-30,Fatick,48
2020-08-02,Fatick,48
2020-08-04,Fatick,49
2020-08-05,Fatick,50
2020-08-07,Fatick,52
2020-08-09,Fatick,54
2020-08-10,Fatick,54
2020-08-11,Fatick,54
2020-08-12,Fatick,55
2020-08-14,Fatick,56
2020-08-16,Fatick,56
2020-08-17,Fatick,57
2020-08-18,Fatick,57
2020-08-19,Fatick,57
2020-08-20,Fatick,58
2020-08-21,Fatick,61
2020-08-22,Fatick,62
2020-08-23,Fatick,65
2020-08-24,Fatick,69
2020-08-25,Fatick,69
2020-08-26,Fatick,72
2020-08-27,Fatick,78
2020-08-28,Fatick,79
2020-08-30,Fatick,86
2020-08-31,Fatick,86
2020-09-01,Fatick,86
2020-09-02,Fatick,87
2020-09-03,Fatick,89
2020-09-04,Fatick,89
2020-09-05,Fatick,90
2020-09-06,Fatick,91
2020-09-07,Fatick,91
2020-09-08,Fatick,91
2020-09-09,Fatick,91
2020-09-10,Fatick,92
2020-09-11,Fatick,92
2020-09-12,Fatick,92
2020-09-13,Fatick,93
2020-09-14,Fatick,93
2020-09-15,Fatick,93
2020-09-16,Fatick,93
2020-09-17,Fatick,93
2020-09-18,Fatick,93
2020-09-19,Fatick,94
2020-09-20,Fatick,302
2020-09-21,Fatick,302
2020-09-22,Fatick,302
2020-09-23,Fatick,303
2020-09-24,Fatick,303
2020-09-27,Fatick,305
2020-09-28,Fatick,305
2020-09-29,Fatick,308
2020-09-30,Fatick,310
2020-10-01,Fatick,310
2020-10-02,Fatick,311
2020-10-04,Fatick,311
2020-10-07,Fatick,311
2020-10-08,Fatick,312
2020-10-11,Fatick,313
2020-10-12,Fatick,313
2020-10-14,Fatick,313
2020-10-16,Fatick,314
2020-10-17,Fatick,314
2020-10-19,Fatick,314
2020-10-20,Fatick,314
2020-03-29,Kaffrine,0
2020-03-31,Kaffrine,0
2020-04-01,Kaffrine,0
2020-04-02,Kaffrine,0
2020-04-03,Kaffrine,0
2020-04-04,Kaffrine,0
2020-04-05,Kaffrine,0
2020-04-06,Kaffrine,0
2020-04-07,Kaffrine,0
2020-04-08,Kaffrine,0
2020-04-09,Kaffrine,0
2020-04-10,Kaffrine,0
2020-04-14,Kaffrine,0
2020-04-15,Kaffrine,0
2020-04-16,Kaffrine,0
2020-04-17,Kaffrine,0
2020-04-18,Kaffrine,0
2020-04-19,Kaffrine,0
2020-04-20,Kaffrine,0
2020-04-21,Kaffrine,0
2020-04-22,Kaffrine,0
2020-04-23,Kaffrine,0
2020-04-24,Kaffrine,0
2020-04-25,Kaffrine,0
2020-04-26,Kaffrine,0
2020-04-27,Kaffrine,0
2020-04-28,Kaffrine,0
2020-04-29,Kaffrine,0
2020-04-30,Kaffrine,0
2020-05-01,Kaffrine,0
2020-05-02,Kaffrine,0
2020-05-03,Kaffrine,0
2020-05-04,Kaffrine,0
2020-05-05,Kaffrine,0
2020-05-06,Kaffrine,0
2020-05-07,Kaffrine,0
2020-05-08,Kaffrine,0
2020-05-09,Kaffrine,0
2020-05-10,Kaffrine,0
2020-05-11,Kaffrine,0
2020-05-12,Kaffrine,0
2020-05-13,Kaffrine,0
2020-05-14,Kaffrine,0
2020-05-15,Kaffrine,0
2020-05-16,Kaffrine,0
2020-05-17,Kaffrine,0
2020-05-18,Kaffrine,0
2020-05-19,Kaffrine,0
2020-05-20,Kaffrine,0
2020-05-21,Kaffrine,0
2020-05-22,Kaffrine,0
2020-05-23,Kaffrine,0
2020-05-24,Kaffrine,0
2020-05-25,Kaffrine,0
2020-05-26,Kaffrine,0
2020-05-27,Kaffrine,0
2020-05-28,Kaffrine,0
2020-05-29,Kaffrine,0
2020-05-30,Kaffrine,1
2020-05-31,Kaffrine,2
2020-06-01,Kaffrine,2
2020-06-02,Kaffrine,2
2020-06-03,Kaffrine,3
2020-06-04,Kaffrine,3
2020-06-05,Kaffrine,3
2020-06-07,Kaffrine,3
2020-06-08,Kaffrine,3
2020-06-09,Kaffrine,3
2020-06-10,Kaffrine,3
2020-06-11,Kaffrine,4
2020-06-12,Kaffrine,4
2020-06-14,Kaffrine,4
2020-06-15,Kaffrine,4
2020-06-16,Kaffrine,4
2020-06-17,Kaffrine,4
2020-06-18,Kaffrine,4
2020-06-19,Kaffrine,4
2020-06-20,Kaffrine,4
2020-06-21,Kaffrine,4
2020-06-22,Kaffrine,4
2020-06-23,Kaffrine,4
2020-06-24,Kaffrine,4
2020-06-25,Kaffrine,4
2020-06-26,Kaffrine,4
2020-06-27,Kaffrine,4
2020-06-28,Kaffrine,5
2020-06-29,Kaffrine,5
2020-06-30,Kaffrine,5
2020-07-01,Kaffrine,5
2020-07-02,Kaffrine,5
2020-07-03,Kaffrine,6
2020-07-04,Kaffrine,6
2020-07-05,Kaffrine,8
2020-07-06,Kaffrine,8
2020-07-07,Kaffrine,8
2020-07-08,Kaffrine,8
2020-07-09,Kaffrine,8
2020-07-10,Kaffrine,8
2020-07-11,Kaffrine,8
2020-07-12,Kaffrine,8
2020-07-13,Kaffrine,8
2020-07-14,Kaffrine,8
2020-07-15,Kaffrine,8
2020-07-16,Kaffrine,8
2020-07-17,Kaffrine,8
2020-07-20,Kaffrine,9
2020-07-21,Kaffrine,9
2020-07-22,Kaffrine,9
2020-07-23,Kaffrine,9
2020-07-24,Kaffrine,10
2020-07-25,Kaffrine,10
2020-07-26,Kaffrine,10
2020-07-28,Kaffrine,10
2020-07-29,Kaffrine,10
2020-07-30,Kaffrine,10
2020-08-02,Kaffrine,10
2020-08-04,Kaffrine,10
2020-08-05,Kaffrine,11
2020-08-07,Kaffrine,11
2020-08-09,Kaffrine,13
2020-08-10,Kaffrine,14
2020-08-11,Kaffrine,14
2020-08-12,Kaffrine,14
2020-08-14,Kaffrine,14
2020-08-16,Kaffrine,14
2020-08-17,Kaffrine,14
2020-08-18,Kaffrine,14
2020-08-19,Kaffrine,14
2020-08-20,Kaffrine,14
2020-08-21,Kaffrine,14
2020-08-22,Kaffrine,14
2020-08-23,Kaffrine,14
2020-08-24,Kaffrine,14
2020-08-25,Kaffrine,14
2020-08-26,Kaffrine,14
2020-08-27,Kaffrine,14
2020-08-28,Kaffrine,14
2020-08-30,Kaffrine,14
2020-08-31,Kaffrine,14
2020-09-01,Kaffrine,14
2020-09-02,Kaffrine,14
2020-09-03,Kaffrine,14
2020-09-04,Kaffrine,14
2020-09-05,Kaffrine,14
2020-09-06,Kaffrine,14
2020-09-07,Kaffrine,14
2020-09-08,Kaffrine,14
2020-09-09,Kaffrine,14
2020-09-10,Kaffrine,14
2020-09-11,Kaffrine,14
2020-09-12,Kaffrine,15
2020-09-13,Kaffrine,15
2020-09-14,Kaffrine,15
2020-09-15,Kaffrine,15
2020-09-16,Kaffrine,17
2020-09-17,Kaffrine,17
2020-09-18,Kaffrine,19
2020-09-19,Kaffrine,20
2020-09-20,Kaffrine,20
2020-09-21,Kaffrine,20
2020-09-22,Kaffrine,20
2020-09-23,Kaffrine,20
2020-09-24,Kaffrine,20
2020-09-27,Kaffrine,20
2020-09-28,Kaffrine,20
2020-09-29,Kaffrine,20
2020-09-30,Kaffrine,20
2020-10-01,Kaffrine,20
2020-10-02,Kaffrine,20
2020-10-04,Kaffrine,20
2020-10-07,Kaffrine,20
2020-10-08,Kaffrine,20
2020-10-11,Kaffrine,20
2020-10-12,Kaffrine,20
2020-10-14,Kaffrine,20
2020-10-16,Kaffrine,20
2020-10-17,Kaffrine,20
2020-10-19,Kaffrine,20
2020-10-20,Kaffrine,20
2020-03-29,Kaolack,0
2020-03-31,Kaolack,0
2020-04-01,Kaolack,0
2020-04-02,Kaolack,0
2020-04-03,Kaolack,0
2020-04-04,Kaolack,0
2020-04-05,Kaolack,0
2020-04-06,Kaolack,0
2020-04-07,Kaolack,0
2020-04-08,Kaolack,0
2020-04-09,Kaolack,0
2020-04-10,Kaolack,0
2020-04-14,Kaolack,0
2020-04-15,Kaolack,0
2020-04-16,Kaolack,0
2020-04-17,Kaolack,0
2020-04-18,Kaolack,0
2020-04-19,Kaolack,0
2020-04-20,Kaolack,0
2020-04-21,Kaolack,0
2020-04-22,Kaolack,0
2020-04-23,Kaolack,0
2020-04-24,Kaolack,0
2020-04-25,Kaolack,1
2020-04-26,Kaolack,1
2020-04-27,Kaolack,2
2020-04-28,Kaolack,2
2020-04-29,Kaolack,5
2020-04-30,Kaolack,5
2020-05-01,Kaolack,5
2020-05-02,Kaolack,5
2020-05-03,Kaolack,6
2020-05-04,Kaolack,6
2020-05-05,Kaolack,6
2020-05-06,Kaolack,6
2020-05-07,Kaolack,6
2020-05-08,Kaolack,6
2020-05-09,Kaolack,6
2020-05-10,Kaolack,6
2020-05-11,Kaolack,6
2020-05-12,Kaolack,7
2020-05-13,Kaolack,7
2020-05-14,Kaolack,9
2020-05-15,Kaolack,9
2020-05-16,Kaolack,9
2020-05-17,Kaolack,9
2020-05-18,Kaolack,9
2020-05-19,Kaolack,9
2020-05-20,Kaolack,9
2020-05-21,Kaolack,9
2020-05-22,Kaolack,9
2020-05-23,Kaolack,9
2020-05-24,Kaolack,9
2020-05-25,Kaolack,9
2020-05-26,Kaolack,9
2020-05-27,Kaolack,9
2020-05-28,Kaolack,9
2020-05-29,Kaolack,9
2020-05-30,Kaolack,9
2020-05-31,Kaolack,9
2020-06-01,Kaolack,10
2020-06-02,Kaolack,10
2020-06-03,Kaolack,10
2020-06-04,Kaolack,10
2020-06-05,Kaolack,11
2020-06-07,Kaolack,11
2020-06-08,Kaolack,11
2020-06-09,Kaolack,11
2020-06-10,Kaolack,11
2020-06-11,Kaolack,12
2020-06-12,Kaolack,12
2020-06-14,Kaolack,19
2020-06-15,Kaolack,21
2020-06-16,Kaolack,21
2020-06-17,Kaolack,21
2020-06-18,Kaolack,22
2020-06-19,Kaolack,22
2020-06-20,Kaolack,23
2020-06-21,Kaolack,23
2020-06-22,Kaolack,28
2020-06-23,Kaolack,32
2020-06-24,Kaolack,32
2020-06-25,Kaolack,32
2020-06-26,Kaolack,37
2020-06-27,Kaolack,37
2020-06-28,Kaolack,39
2020-06-29,Kaolack,40
2020-06-30,Kaolack,42
2020-07-01,Kaolack,45
2020-07-02,Kaolack,46
2020-07-03,Kaolack,53
2020-07-04,Kaolack,57
2020-07-05,Kaolack,58
2020-07-06,Kaolack,63
2020-07-07,Kaolack,68
2020-07-08,Kaolack,68
2020-07-09,Kaolack,72
2020-07-10,Kaolack,72
2020-07-11,Kaolack,75
2020-07-12,Kaolack,78
2020-07-13,Kaolack,78
2020-07-14,Kaolack,79
2020-07-15,Kaolack,79
2020-07-16,Kaolack,81
2020-07-17,Kaolack,81
2020-07-20,Kaolack,89
2020-07-21,Kaolack,89
2020-07-22,Kaolack,91
2020-07-23,Kaolack,94
2020-07-24,Kaolack,94
2020-07-25,Kaolack,99
2020-07-26,Kaolack,100
2020-07-28,Kaolack,103
2020-07-29,Kaolack,105
2020-07-30,Kaolack,105
2020-08-02,Kaolack,108
2020-08-04,Kaolack,108
2020-08-05,Kaolack,110
2020-08-07,Kaolack,113
2020-08-09,Kaolack,116
2020-08-10,Kaolack,119
2020-08-11,Kaolack,128
2020-08-12,Kaolack,128
2020-08-14,Kaolack,136
2020-08-16,Kaolack,142
2020-08-17,Kaolack,143
2020-08-18,Kaolack,143
2020-08-19,Kaolack,153
2020-08-20,Kaolack,153
2020-08-21,Kaolack,162
2020-08-22,Kaolack,171
2020-08-23,Kaolack,178
2020-08-24,Kaolack,184
2020-08-25,Kaolack,188
2020-08-26,Kaolack,197
2020-08-27,Kaolack,213
2020-08-28,Kaolack,217
2020-08-30,Kaolack,227
2020-08-31,Kaolack,229
2020-09-01,Kaolack,233
2020-09-02,Kaolack,235
2020-09-03,Kaolack,238
2020-09-04,Kaolack,243
2020-09-05,Kaolack,247
2020-09-06,Kaolack,247
2020-09-07,Kaolack,247
2020-09-08,Kaolack,250
2020-09-09,Kaolack,252
2020-09-10,Kaolack,253
2020-09-11,Kaolack,254
2020-09-12,Kaolack,254
2020-09-13,Kaolack,254
2020-09-14,Kaolack,255
2020-09-15,Kaolack,258
2020-09-16,Kaolack,258
2020-09-17,Kaolack,259
2020-09-18,Kaolack,259
2020-09-19,Kaolack,259
2020-09-20,Kaolack,260
2020-09-21,Kaolack,260
2020-09-22,Kaolack,260
2020-09-23,Kaolack,263
2020-09-24,Kaolack,263
2020-09-27,Kaolack,264
2020-09-28,Kaolack,264
2020-09-29,Kaolack,264
2020-09-30,Kaolack,264
2020-10-01,Kaolack,265
2020-10-02,Kaolack,265
2020-10-04,Kaolack,265
2020-10-07,Kaolack,269
2020-10-08,Kaolack,270
2020-10-11,Kaolack,272
2020-10-12,Kaolack,272
2020-10-14,Kaolack,273
2020-10-16,Kaolack,274
2020-10-17,Kaolack,274
2020-10-19,Kaolack,274
2020-10-20,Kaolack,274
2020-03-29,Kedougou,0
2020-03-31,Kedougou,0
2020-04-01,Kedougou,0
2020-04-02,Kedougou,0
2020-04-03,Kedougou,0
2020-04-04,Kedougou,0
2020-04-05,Kedougou,0
2020-04-06,Kedougou,0
2020-04-07,Kedougou,0
2020-04-08,Kedougou,0
2020-04-09,Kedougou,0
2020-04-10,Kedougou,0
2020-04-14,Kedougou,0
2020-04-15,Kedougou,0
2020-04-16,Kedougou,0
2020-04-17,Kedougou,0
2020-04-18,Kedougou,0
2020-04-19,Kedougou,0
2020-04-20,Kedougou,0
2020-04-21,Kedougou,0
2020-04-22,Kedougou,0
2020-04-23,Kedougou,0
2020-04-24,Kedougou,0
2020-04-25,Kedougou,0
2020-04-26,Kedougou,0
2020-04-27,Kedougou,0
2020-04-28,Kedougou,0
2020-04-29,Kedougou,0
2020-04-30,Kedougou,0
2020-05-01,Kedougou,0
2020-05-02,Kedougou,0
2020-05-03,Kedougou,0
2020-05-04,Kedougou,0
2020-05-05,Kedougou,0
2020-05-06,Kedougou,0
2020-05-07,Kedougou,0
2020-05-08,Kedougou,0
2020-05-09,Kedougou,0
2020-05-10,Kedougou,0
2020-05-11,Kedougou,0
2020-05-12,Kedougou,0
2020-05-13,Kedougou,0
2020-05-14,Kedougou,0
2020-05-15,Kedougou,0
2020-05-16,Kedougou,0
2020-05-17,Kedougou,0
2020-05-18,Kedougou,0
2020-05-19,Kedougou,0
2020-05-20,Kedougou,0
2020-05-21,Kedougou,0
2020-05-22,Kedougou,0
2020-05-23,Kedougou,1
2020-05-24,Kedougou,1
2020-05-25,Kedougou,1
2020-05-26,Kedougou,1
2020-05-27,Kedougou,1
2020-05-28,Kedougou,1
2020-05-29,Kedougou,1
2020-05-30,Kedougou,1
2020-05-31,Kedougou,1
2020-06-01,Kedougou,1
2020-06-02,Kedougou,1
2020-06-03,Kedougou,1
2020-06-04,Kedougou,1
2020-06-05,Kedougou,1
2020-06-07,Kedougou,1
2020-06-08,Kedougou,1
2020-06-09,Kedougou,1
2020-06-10,Kedougou,1
2020-06-11,Kedougou,1
2020-06-12,Kedougou,1
2020-06-14,Kedougou,1
2020-06-15,Kedougou,1
2020-06-16,Kedougou,1
2020-06-17,Kedougou,1
2020-06-18,Kedougou,1
2020-06-19,Kedougou,1
2020-06-20,Kedougou,1
2020-06-21,Kedougou,1
2020-06-22,Kedougou,1
2020-06-23,Kedougou,1
2020-06-24,Kedougou,1
2020-06-25,Kedougou,1
2020-06-26,Kedougou,1
2020-06-27,Kedougou,1
2020-06-28,Kedougou,1
2020-06-29,Kedougou,1
2020-06-30,Kedougou,1
2020-07-01,Kedougou,1
2020-07-02,Kedougou,1
2020-07-03,Kedougou,1
2020-07-04,Kedougou,1
2020-07-05,Kedougou,1
2020-07-06,Kedougou,1
2020-07-07,Kedougou,1
2020-07-08,Kedougou,1
2020-07-09,Kedougou,1
2020-07-10,Kedougou,1
2020-07-11,Kedougou,1
2020-07-12,Kedougou,1
2020-07-13,Kedougou,1
2020-07-14,Kedougou,1
2020-07-15,Kedougou,1
2020-07-16,Kedougou,1
2020-07-17,Kedougou,2
2020-07-20,Kedougou,7
2020-07-21,Kedougou,9
2020-07-22,Kedougou,11
2020-07-23,Kedougou,14
2020-07-24,Kedougou,21
2020-07-25,Kedougou,24
2020-07-26,Kedougou,25
2020-07-28,Kedougou,28
2020-07-29,Kedougou,28
2020-07-30,Kedougou,29
2020-08-02,Kedougou,31
2020-08-04,Kedougou,32
2020-08-05,Kedougou,37
2020-08-07,Kedougou,39
2020-08-09,Kedougou,43
2020-08-10,Kedougou,44
2020-08-11,Kedougou,50
2020-08-12,Kedougou,53
2020-08-14,Kedougou,62
2020-08-16,Kedougou,64
2020-08-17,Kedougou,75
2020-08-18,Kedougou,77
2020-08-19,Kedougou,86
2020-08-20,Kedougou,93
2020-08-21,Kedougou,99
2020-08-22,Kedougou,100
2020-08-23,Kedougou,101
2020-08-24,Kedougou,103
2020-08-25,Kedougou,106
2020-08-26,Kedougou,107
2020-08-27,Kedougou,109
2020-08-28,Kedougou,116
2020-08-30,Kedougou,124
2020-08-31,Kedougou,134
2020-09-01,Kedougou,144
2020-09-02,Kedougou,152
2020-09-03,Kedougou,161
2020-09-04,Kedougou,168
2020-09-05,Kedougou,173
2020-09-06,Kedougou,173
2020-09-07,Kedougou,181
2020-09-08,Kedougou,184
2020-09-09,Kedougou,186
2020-09-10,Kedougou,195
2020-09-11,Kedougou,203
2020-09-12,Kedougou,205
2020-09-13,Kedougou,207
2020-09-14,Kedougou,209
2020-09-15,Kedougou,210
2020-09-16,Kedougou,210
2020-09-17,Kedougou,211
2020-09-18,Kedougou,211
2020-09-19,Kedougou,211
2020-09-20,Kedougou,211
2020-09-21,Kedougou,212
2020-09-22,Kedougou,212
2020-09-23,Kedougou,212
2020-09-24,Kedougou,212
2020-09-27,Kedougou,215
2020-09-28,Kedougou,216
2020-09-29,Kedougou,217
2020-09-30,Kedougou,217
2020-10-01,Kedougou,217
2020-10-02,Kedougou,217
2020-10-04,Kedougou,217
2020-10-07,Kedougou,218
2020-10-08,Kedougou,218
2020-10-11,Kedougou,218
2020-10-12,Kedougou,218
2020-10-14,Kedougou,218
2020-10-16,Kedougou,218
2020-10-17,Kedougou,218
2020-10-19,Kedougou,218
2020-10-20,Kedougou,218
2020-03-29,Kolda,0
2020-03-31,Kolda,0
2020-04-01,Kolda,0
2020-04-02,Kolda,0
2020-04-03,Kolda,7
2020-04-04,Kolda,7
2020-04-05,Kolda,7
2020-04-06,Kolda,7
2020-04-07,Kolda,7
2020-04-08,Kolda,7
2020-04-09,Kolda,7
2020-04-10,Kolda,7
2020-04-14,Kolda,7
2020-04-15,Kolda,7
2020-04-16,Kolda,7
2020-04-17,Kolda,7
2020-04-18,Kolda,7
2020-04-19,Kolda,7
2020-04-20,Kolda,7
2020-04-21,Kolda,7
2020-04-22,Kolda,7
2020-04-23,Kolda,7
2020-04-24,Kolda,7
2020-04-25,Kolda,7
2020-04-26,Kolda,8
2020-04-27,Kolda,8
2020-04-28,Kolda,8
2020-04-29,Kolda,8
2020-04-30,Kolda,9
2020-05-01,Kolda,10
2020-05-02,Kolda,13
2020-05-03,Kolda,18
2020-05-04,Kolda,31
2020-05-05,Kolda,43
2020-05-06,Kolda,60
2020-05-07,Kolda,60
2020-05-08,Kolda,64
2020-05-09,Kolda,64
2020-05-10,Kolda,64
2020-05-11,Kolda,64
2020-05-12,Kolda,64
2020-05-13,Kolda,64
2020-05-14,Kolda,64
2020-05-15,Kolda,65
2020-05-16,Kolda,65
2020-05-17,Kolda,65
2020-05-18,Kolda,65
2020-05-19,Kolda,65
2020-05-20,Kolda,70
2020-05-21,Kolda,70
2020-05-22,Kolda,70
2020-05-23,Kolda,70
2020-05-24,Kolda,70
2020-05-25,Kolda,70
2020-05-26,Kolda,70
2020-05-27,Kolda,70
2020-05-28,Kolda,70
2020-05-29,Kolda,70
2020-05-30,Kolda,70
2020-05-31,Kolda,70
2020-06-01,Kolda,70
2020-06-02,Kolda,70
2020-06-03,Kolda,70
2020-06-04,Kolda,70
2020-06-05,Kolda,70
2020-06-07,Kolda,70
2020-06-08,Kolda,70
2020-06-09,Kolda,70
2020-06-10,Kolda,70
2020-06-11,Kolda,70
2020-06-12,Kolda,70
2020-06-14,Kolda,70
2020-06-15,Kolda,70
2020-06-16,Kolda,70
2020-06-17,Kolda,70
2020-06-18,Kolda,70
2020-06-19,Kolda,70
2020-06-20,Kolda,70
2020-06-21,Kolda,70
2020-06-22,Kolda,70
2020-06-23,Kolda,70
2020-06-24,Kolda,71
2020-06-25,Kolda,71
2020-06-26,Kolda,71
2020-06-27,Kolda,71
2020-06-28,Kolda,71
2020-06-29,Kolda,71
2020-06-30,Kolda,71
2020-07-01,Kolda,71
2020-07-02,Kolda,71
2020-07-03,Kolda,71
2020-07-04,Kolda,73
2020-07-05,Kolda,73
2020-07-06,Kolda,73
2020-07-07,Kolda,73
2020-07-08,Kolda,74
2020-07-09,Kolda,74
2020-07-10,Kolda,74
2020-07-11,Kolda,74
2020-07-12,Kolda,74
2020-07-13,Kolda,75
2020-07-14,Kolda,75
2020-07-15,Kolda,75
2020-07-16,Kolda,77
2020-07-17,Kolda,77
2020-07-20,Kolda,78
2020-07-21,Kolda,78
2020-07-22,Kolda,78
2020-07-23,Kolda,78
2020-07-24,Kolda,78
2020-07-25,Kolda,79
2020-07-26,Kolda,79
2020-07-28,Kolda,79
2020-07-29,Kolda,80
2020-07-30,Kolda,81
2020-08-02,Kolda,81
2020-08-04,Kolda,86
2020-08-05,Kolda,87
2020-08-07,Kolda,100
2020-08-09,Kolda,109
2020-08-10,Kolda,110
2020-08-11,Kolda,112
2020-08-12,Kolda,126
2020-08-14,Kolda,138
2020-08-16,Kolda,149
2020-08-17,Kolda,156
2020-08-18,Kolda,158
2020-08-19,Kolda,169
2020-08-20,Kolda,171
2020-08-21,Kolda,181
2020-08-22,Kolda,188
2020-08-23,Kolda,189
2020-08-24,Kolda,190
2020-08-25,Kolda,193
2020-08-26,Kolda,195
2020-08-27,Kolda,197
2020-08-28,Kolda,197
2020-08-30,Kolda,200
2020-08-31,Kolda,200
2020-09-01,Kolda,201
2020-09-02,Kolda,202
2020-09-03,Kolda,202
2020-09-04,Kolda,203
2020-09-05,Kolda,204
2020-09-06,Kolda,204
2020-09-07,Kolda,204
2020-09-08,Kolda,205
2020-09-09,Kolda,206
2020-09-10,Kolda,206
2020-09-11,Kolda,208
2020-09-12,Kolda,208
2020-09-13,Kolda,209
2020-09-14,Kolda,209
2020-09-15,Kolda,209
2020-09-16,Kolda,210
2020-09-17,Kolda,210
2020-09-18,Kolda,210
2020-09-19,Kolda,212
2020-09-20,Kolda,213
2020-09-21,Kolda,213
2020-09-22,Kolda,213
2020-09-23,Kolda,213
2020-09-24,Kolda,213
2020-09-27,Kolda,213
2020-09-28,Kolda,213
2020-09-29,Kolda,213
2020-09-30,Kolda,213
2020-10-01,Kolda,213
2020-10-02,Kolda,213
2020-10-04,Kolda,214
2020-10-07,Kolda,214
2020-10-08,Kolda,215
2020-10-11,Kolda,215
2020-10-12,Kolda,215
2020-10-14,Kolda,215
2020-10-16,Kolda,215
2020-10-17,Kolda,215
2020-10-19,Kolda,215
2020-10-20,Kolda,215
2020-03-29,Louga,0
2020-03-31,Louga,0
2020-04-01,Louga,0
2020-04-02,Louga,0
2020-04-03,Louga,0
2020-04-04,Louga,0
2020-04-05,Louga,0
2020-04-06,Louga,1
2020-04-07,Louga,1
2020-04-08,Louga,2
2020-04-09,Louga,5
2020-04-10,Louga,9
2020-04-14,Louga,27
2020-04-15,Louga,28
2020-04-16,Louga,28
2020-04-17,Louga,28
2020-04-18,Louga,29
2020-04-19,Louga,29
2020-04-20,Louga,29
2020-04-21,Louga,30
2020-04-22,Louga,30
2020-04-23,Louga,30
2020-04-24,Louga,30
2020-04-25,Louga,30
2020-04-26,Louga,30
2020-04-27,Louga,30
2020-04-28,Louga,30
2020-04-29,Louga,30
2020-04-30,Louga,31
2020-05-01,Louga,31
2020-05-02,Louga,31
2020-05-03,Louga,31
2020-05-04,Louga,31
2020-05-05,Louga,31
2020-05-06,Louga,31
2020-05-07,Louga,32
2020-05-08,Louga,32
2020-05-09,Louga,32
2020-05-10,Louga,32
2020-05-11,Louga,32
2020-05-12,Louga,32
2020-05-13,Louga,32
2020-05-14,Louga,32
2020-05-15,Louga,32
2020-05-16,Louga,33
2020-05-17,Louga,33
2020-05-18,Louga,33
2020-05-19,Louga,34
2020-05-20,Louga,38
2020-05-21,Louga,38
2020-05-22,Louga,38
2020-05-23,Louga,38
2020-05-24,Louga,38
2020-05-25,Louga,38
2020-05-26,Louga,38
2020-05-27,Louga,38
2020-05-28,Louga,38
2020-05-29,Louga,38
2020-05-30,Louga,38
2020-05-31,Louga,38
2020-06-01,Louga,38
2020-06-02,Louga,39
2020-06-03,Louga,41
2020-06-04,Louga,41
2020-06-05,Louga,41
2020-06-07,Louga,41
2020-06-08,Louga,41
2020-06-09,Louga,41
2020-06-10,Louga,41
2020-06-11,Louga,41
2020-06-12,Louga,42
2020-06-14,Louga,42
2020-06-15,Louga,42
2020-06-16,Louga,42
2020-06-17,Louga,42
2020-06-18,Louga,42
2020-06-19,Louga,42
2020-06-20,Louga,42
2020-06-21,Louga,42
2020-06-22,Louga,42
2020-06-23,Louga,42
2020-06-24,Louga,42
2020-06-25,Louga,42
2020-06-26,Louga,42
2020-06-27,Louga,42
2020-06-28,Louga,42
2020-06-29,Louga,42
2020-06-30,Louga,42
2020-07-01,Louga,42
2020-07-02,Louga,42
2020-07-03,Louga,42
2020-07-04,Louga,42
2020-07-05,Louga,42
2020-07-06,Louga,42
2020-07-07,Louga,42
2020-07-08,Louga,42
2020-07-09,Louga,42
2020-07-10,Louga,42
2020-07-11,Louga,42
2020-07-12,Louga,42
2020-07-13,Louga,43
2020-07-14,Louga,43
2020-07-15,Louga,43
2020-07-16,Louga,43
2020-07-17,Louga,43
2020-07-20,Louga,46
2020-07-21,Louga,46
2020-07-22,Louga,46
2020-07-23,Louga,47
2020-07-24,Louga,48
2020-07-25,Louga,48
2020-07-26,Louga,48
2020-07-28,Louga,49
2020-07-29,Louga,49
2020-07-30,Louga,50
2020-08-02,Louga,50
2020-08-04,Louga,50
2020-08-05,Louga,50
2020-08-07,Louga,52
2020-08-09,Louga,54
2020-08-10,Louga,55
2020-08-11,Louga,55
2020-08-12,Louga,55
2020-08-14,Louga,55
2020-08-16,Louga,55
2020-08-17,Louga,55
2020-08-18,Louga,55
2020-08-19,Louga,56
2020-08-20,Louga,56
2020-08-21,Louga,57
2020-08-22,Louga,57
2020-08-23,Louga,57
2020-08-24,Louga,57
2020-08-25,Louga,57
2020-08-26,Louga,57
2020-08-27,Louga,57
2020-08-28,Louga,58
2020-08-30,Louga,59
2020-08-31,Louga,59
2020-09-01,Louga,59
2020-09-02,Louga,59
2020-09-03,Louga,59
2020-09-04,Louga,60
2020-09-05,Louga,60
2020-09-06,Louga,60
2020-09-07,Louga,60
2020-09-08,Louga,60
2020-09-09,Louga,60
2020-09-10,Louga,60
2020-09-11,Louga,60
2020-09-12,Louga,60
2020-09-13,Louga,60
2020-09-14,Louga,62
2020-09-15,Louga,62
2020-09-16,Louga,62
2020-09-17,Louga,62
2020-09-18,Louga,62
2020-09-19,Louga,65
2020-09-20,Louga,65
2020-09-21,Louga,65
2020-09-22,Louga,65
2020-09-23,Louga,67
2020-09-24,Louga,67
2020-09-27,Louga,70
2020-09-28,Louga,70
2020-09-29,Louga,70
2020-09-30,Louga,70
2020-10-01,Louga,70
2020-10-02,Louga,70
2020-10-04,Louga,70
2020-10-07,Louga,70
2020-10-08,Louga,70
2020-10-11,Louga,70
2020-10-12,Louga,70
2020-10-14,Louga,70
2020-10-16,Louga,70
2020-10-17,Louga,70
2020-10-19,Louga,70
2020-10-20,Louga,72
2020-03-29,Matam,0
2020-03-31,Matam,0
2020-04-01,Matam,0
2020-04-02,Matam,0
2020-04-03,Matam,0
2020-04-04,Matam,0
2020-04-05,Matam,0
2020-04-06,Matam,0
2020-04-07,Matam,0
2020-04-08,Matam,0
2020-04-09,Matam,0
2020-04-10,Matam,0
2020-04-14,Matam,0
2020-04-15,Matam,0
2020-04-16,Matam,0
2020-04-17,Matam,0
2020-04-18,Matam,0
2020-04-19,Matam,0
2020-04-20,Matam,0
2020-04-21,Matam,0
2020-04-22,Matam,0
2020-04-23,Matam,0
2020-04-24,Matam,0
2020-04-25,Matam,0
2020-04-26,Matam,0
2020-04-27,Matam,0
2020-04-28,Matam,0
2020-04-29,Matam,0
2020-04-30,Matam,0
2020-05-01,Matam,0
2020-05-02,Matam,0
2020-05-03,Matam,0
2020-05-04,Matam,0
2020-05-05,Matam,0
2020-05-06,Matam,0
2020-05-07,Matam,0
2020-05-08,Matam,0
2020-05-09,Matam,0
2020-05-10,Matam,0
2020-05-11,Matam,0
2020-05-12,Matam,0
2020-05-13,Matam,0
2020-05-14,Matam,0
2020-05-15,Matam,0
2020-05-16,Matam,0
2020-05-17,Matam,0
2020-05-18,Matam,0
2020-05-19,Matam,0
2020-05-20,Matam,0
2020-05-21,Matam,0
2020-05-22,Matam,0
2020-05-23,Matam,0
2020-05-24,Matam,0
2020-05-25,Matam,0
2020-05-26,Matam,0
2020-05-27,Matam,0
2020-05-28,Matam,0
2020-05-29,Matam,0
2020-05-30,Matam,0
2020-05-31,Matam,0
2020-06-01,Matam,1
2020-06-02,Matam,1
2020-06-03,Matam,1
2020-06-04,Matam,4
2020-06-05,Matam,5
2020-06-07,Matam,5
2020-06-08,Matam,5
2020-06-09,Matam,5
2020-06-10,Matam,9
2020-06-11,Matam,9
2020-06-12,Matam,11
2020-06-14,Matam,12
2020-06-15,Matam,13
2020-06-16,Matam,13
2020-06-17,Matam,15
2020-06-18,Matam,15
2020-06-19,Matam,15
2020-06-20,Matam,16
2020-06-21,Matam,16
2020-06-22,Matam,16
2020-06-23,Matam,16
2020-06-24,Matam,32
2020-06-25,Matam,32
2020-06-26,Matam,32
2020-06-27,Matam,32
2020-06-28,Matam,35
2020-06-29,Matam,35
2020-06-30,Matam,35
2020-07-01,Matam,35
2020-07-02,Matam,35
2020-07-03,Matam,35
2020-07-04,Matam,35
2020-07-05,Matam,35
2020-07-06,Matam,35
2020-07-07,Matam,35
2020-07-08,Matam,35
2020-07-09,Matam,35
2020-07-10,Matam,35
2020-07-11,Matam,35
2020-07-12,Matam,35
2020-07-13,Matam,35
2020-07-14,Matam,35
2020-07-15,Matam,35
2020-07-16,Matam,35
2020-07-17,Matam,35
2020-07-20,Matam,35
2020-07-21,Matam,35
2020-07-22,Matam,35
2020-07-23,Matam,36
2020-07-24,Matam,40
2020-07-25,Matam,53
2020-07-26,Matam,53
2020-07-28,Matam,55
2020-07-29,Matam,55
2020-07-30,Matam,55
2020-08-02,Matam,55
2020-08-04,Matam,55
2020-08-05,Matam,55
2020-08-07,Matam,55
2020-08-09,Matam,55
2020-08-10,Matam,55
2020-08-11,Matam,55
2020-08-12,Matam,57
2020-08-14,Matam,59
2020-08-16,Matam,61
2020-08-17,Matam,61
2020-08-18,Matam,63
2020-08-19,Matam,65
2020-08-20,Matam,65
2020-08-21,Matam,69
2020-08-22,Matam,69
2020-08-23,Matam,69
2020-08-24,Matam,69
2020-08-25,Matam,69
2020-08-26,Matam,72
2020-08-27,Matam,72
2020-08-28,Matam,72
2020-08-30,Matam,72
2020-08-31,Matam,72
2020-09-01,Matam,76
2020-09-02,Matam,78
2020-09-03,Matam,78
2020-09-04,Matam,80
2020-09-05,Matam,80
2020-09-06,Matam,80
2020-09-07,Matam,80
2020-09-08,Matam,80
2020-09-09,Matam,80
2020-09-10,Matam,80
2020-09-11,Matam,80
2020-09-12,Matam,80
2020-09-13,Matam,80
2020-09-14,Matam,80
2020-09-15,Matam,80
2020-09-16,Matam,80
2020-09-17,Matam,80
2020-09-18,Matam,80
2020-09-19,Matam,80
2020-09-20,Matam,80
2020-09-21,Matam,80
2020-09-22,Matam,80
2020-09-23,Matam,80
2020-09-24,Matam,80
2020-09-27,Matam,80
2020-09-28,Matam,80
2020-09-29,Matam,80
2020-09-30,Matam,82
2020-10-01,Matam,84
2020-10-02,Matam,84
2020-10-04,Matam,84
2020-10-07,Matam,84
2020-10-08,Matam,84
2020-10-11,Matam,84
2020-10-12,Matam,84
2020-10-14,Matam,86
2020-10-16,Matam,88
2020-10-17,Matam,88
2020-10-19,Matam,92
2020-10-20,Matam,92
2020-03-29,Saint Louis,2
2020-03-31,Saint Louis,2
2020-04-01,Saint Louis,3
2020-04-02,Saint Louis,3
2020-04-03,Saint Louis,3
2020-04-04,Saint Louis,5
2020-04-05,Saint Louis,5
2020-04-06,Saint Louis,5
2020-04-07,Saint Louis,5
2020-04-08,Saint Louis,5
2020-04-09,Saint Louis,5
2020-04-10,Saint Louis,5
2020-04-14,Saint Louis,5
2020-04-15,Saint Louis,5
2020-04-16,Saint Louis,5
2020-04-17,Saint Louis,5
2020-04-18,Saint Louis,5
2020-04-19,Saint Louis,5
2020-04-20,Saint Louis,5
2020-04-21,Saint Louis,5
2020-04-22,Saint Louis,5
2020-04-23,Saint Louis,5
2020-04-24,Saint Louis,5
2020-04-25,Saint Louis,5
2020-04-26,Saint Louis,5
2020-04-27,Saint Louis,5
2020-04-28,Saint Louis,5
2020-04-29,Saint Louis,5
2020-04-30,Saint Louis,5
2020-05-01,Saint Louis,6
2020-05-02,Saint Louis,6
2020-05-03,Saint Louis,7
2020-05-04,Saint Louis,7
2020-05-05,Saint Louis,7
2020-05-06,Saint Louis,7
2020-05-07,Saint Louis,7
2020-05-08,Saint Louis,7
2020-05-09,Saint Louis,7
2020-05-10,Saint Louis,7
2020-05-11,Saint Louis,7
2020-05-12,Saint Louis,7
2020-05-13,Saint Louis,7
2020-05-14,Saint Louis,7
2020-05-15,Saint Louis,7
2020-05-16,Saint Louis,7
2020-05-17,Saint Louis,7
2020-05-18,Saint Louis,7
2020-05-19,Saint Louis,7
2020-05-20,Saint Louis,7
2020-05-21,Saint Louis,7
2020-05-22,Saint Louis,7
2020-05-23,Saint Louis,7
2020-05-24,Saint Louis,7
2020-05-25,Saint Louis,7
2020-05-26,Saint Louis,7
2020-05-27,Saint Louis,7
2020-05-28,Saint Louis,7
2020-05-29,Saint Louis,7
2020-05-30,Saint Louis,7
2020-05-31,Saint Louis,7
2020-06-01,Saint Louis,7
2020-06-02,Saint Louis,7
2020-06-03,Saint Louis,7
2020-06-04,Saint Louis,7
2020-06-05,Saint Louis,7
2020-06-07,Saint Louis,7
2020-06-08,Saint Louis,7
2020-06-09,Saint Louis,7
2020-06-10,Saint Louis,7
2020-06-11,Saint Louis,8
2020-06-12,Saint Louis,8
2020-06-14,Saint Louis,8
2020-06-15,Saint Louis,9
2020-06-16,Saint Louis,9
2020-06-17,Saint Louis,10
2020-06-18,Saint Louis,10
2020-06-19,Saint Louis,10
2020-06-20,Saint Louis,10
2020-06-21,Saint Louis,10
2020-06-22,Saint Louis,10
2020-06-23,Saint Louis,10
2020-06-24,Saint Louis,10
2020-06-25,Saint Louis,10
2020-06-26,Saint Louis,10
2020-06-27,Saint Louis,19
2020-06-28,Saint Louis,22
2020-06-29,Saint Louis,23
2020-06-30,Saint Louis,24
2020-07-01,Saint Louis,24
2020-07-02,Saint Louis,24
2020-07-03,Saint Louis,24
2020-07-04,Saint Louis,24
2020-07-05,Saint Louis,24
2020-07-06,Saint Louis,26
2020-07-07,Saint Louis,26
2020-07-08,Saint Louis,26
2020-07-09,Saint Louis,28
2020-07-10,Saint Louis,28
2020-07-11,Saint Louis,29
2020-07-12,Saint Louis,31
2020-07-13,Saint Louis,31
2020-07-14,Saint Louis,33
2020-07-15,Saint Louis,34
2020-07-16,Saint Louis,34
2020-07-17,Saint Louis,39
2020-07-20,Saint Louis,43
2020-07-21,Saint Louis,44
2020-07-22,Saint Louis,50
2020-07-23,Saint Louis,50
2020-07-24,Saint Louis,55
2020-07-25,Saint Louis,57
2020-07-26,Saint Louis,67
2020-07-28,Saint Louis,70
2020-07-29,Saint Louis,71
2020-07-30,Saint Louis,78
2020-08-02,Saint Louis,81
2020-08-04,Saint Louis,83
2020-08-05,Saint Louis,89
2020-08-07,Saint Louis,103
2020-08-09,Saint Louis,116
2020-08-10,Saint Louis,119
2020-08-11,Saint Louis,123
2020-08-12,Saint Louis,139
2020-08-14,Saint Louis,154
2020-08-16,Saint Louis,163
2020-08-17,Saint Louis,177
2020-08-18,Saint Louis,177
2020-08-19,Saint Louis,183
2020-08-20,Saint Louis,191
2020-08-21,Saint Louis,194
2020-08-22,Saint Louis,202
2020-08-23,Saint Louis,208
2020-08-24,Saint Louis,211
2020-08-25,Saint Louis,213
2020-08-26,Saint Louis,220
2020-08-27,Saint Louis,222
2020-08-28,Saint Louis,225
2020-08-30,Saint Louis,239
2020-08-31,Saint Louis,240
2020-09-01,Saint Louis,248
2020-09-02,Saint Louis,251
2020-09-03,Saint Louis,251
2020-09-04,Saint Louis,252
2020-09-05,Saint Louis,256
2020-09-06,Saint Louis,256
2020-09-07,Saint Louis,258
2020-09-08,Saint Louis,259
2020-09-09,Saint Louis,261
2020-09-10,Saint Louis,262
2020-09-11,Saint Louis,264
2020-09-12,Saint Louis,264
2020-09-13,Saint Louis,265
2020-09-14,Saint Louis,267
2020-09-15,Saint Louis,268
2020-09-16,Saint Louis,268
2020-09-17,Saint Louis,270
2020-09-18,Saint Louis,273
2020-09-19,Saint Louis,276
2020-09-20,Saint Louis,278
2020-09-21,Saint Louis,280
2020-09-22,Saint Louis,280
2020-09-23,Saint Louis,281
2020-09-24,Saint Louis,284
2020-09-27,Saint Louis,286
2020-09-28,Saint Louis,286
2020-09-29,Saint Louis,286
2020-09-30,Saint Louis,287
2020-10-01,Saint Louis,291
2020-10-02,Saint Louis,291
2020-10-04,Saint Louis,292
2020-10-07,Saint Louis,295
2020-10-08,Saint Louis,295
2020-10-11,Saint Louis,297
2020-10-12,Saint Louis,297
2020-10-14,Saint Louis,297
2020-10-16,Saint Louis,297
2020-10-17,Saint Louis,297
2020-10-19,Saint Louis,297
2020-10-20,Saint Louis,298
2020-03-29,Sedhiou,0
2020-03-31,Sedhiou,0
2020-04-01,Sedhiou,0
2020-04-02,Sedhiou,0
2020-04-03,Sedhiou,0
2020-04-04,Sedhiou,0
2020-04-05,Sedhiou,0
2020-04-06,Sedhiou,0
2020-04-07,Sedhiou,0
2020-04-08,Sedhiou,0
2020-04-09,Sedhiou,0
2020-04-10,Sedhiou,0
2020-04-14,Sedhiou,0
2020-04-15,Sedhiou,0
2020-04-16,Sedhiou,0
2020-04-17,Sedhiou,0
2020-04-18,Sedhiou,0
2020-04-19,Sedhiou,0
2020-04-20,Sedhiou,0
2020-04-21,Sedhiou,0
2020-04-22,Sedhiou,0
2020-04-23,Sedhiou,0
2020-04-24,Sedhiou,0
2020-04-25,Sedhiou,0
2020-04-26,Sedhiou,0
2020-04-27,Sedhiou,1
2020-04-28,Sedhiou,26
2020-04-29,Sedhiou,26
2020-04-30,Sedhiou,35
2020-05-01,Sedhiou,58
2020-05-02,Sedhiou,60
2020-05-03,Sedhiou,60
2020-05-04,Sedhiou,68
2020-05-05,Sedhiou,68
2020-05-06,Sedhiou,76
2020-05-07,Sedhiou,76
2020-05-08,Sedhiou,79
2020-05-09,Sedhiou,84
2020-05-10,Sedhiou,84
2020-05-11,Sedhiou,88
2020-05-12,Sedhiou,88
2020-05-13,Sedhiou,90
2020-05-14,Sedhiou,90
2020-05-15,Sedhiou,96
2020-05-16,Sedhiou,96
2020-05-17,Sedhiou,96
2020-05-18,Sedhiou,96
2020-05-19,Sedhiou,96
2020-05-20,Sedhiou,98
2020-05-21,Sedhiou,104
2020-05-22,Sedhiou,104
2020-05-23,Sedhiou,104
2020-05-24,Sedhiou,104
2020-05-25,Sedhiou,104
2020-05-26,Sedhiou,104
2020-05-27,Sedhiou,104
2020-05-28,Sedhiou,104
2020-05-29,Sedhiou,104
2020-05-30,Sedhiou,104
2020-05-31,Sedhiou,104
2020-06-01,Sedhiou,104
2020-06-02,Sedhiou,104
2020-06-03,Sedhiou,104
2020-06-04,Sedhiou,104
2020-06-05,Sedhiou,110
2020-06-07,Sedhiou,116
2020-06-08,Sedhiou,116
2020-06-09,Sedhiou,116
2020-06-10,Sedhiou,117
2020-06-11,Sedhiou,117
2020-06-12,Sedhiou,117
2020-06-14,Sedhiou,118
2020-06-15,Sedhiou,118
2020-06-16,Sedhiou,118
2020-06-17,Sedhiou,118
2020-06-18,Sedhiou,118
2020-06-19,Sedhiou,118
2020-06-20,Sedhiou,118
2020-06-21,Sedhiou,118
2020-06-22,Sedhiou,118
2020-06-23,Sedhiou,118
2020-06-24,Sedhiou,118
2020-06-25,Sedhiou,118
2020-06-26,Sedhiou,118
2020-06-27,Sedhiou,118
2020-06-28,Sedhiou,118
2020-06-29,Sedhiou,118
2020-06-30,Sedhiou,118
2020-07-01,Sedhiou,118
2020-07-02,Sedhiou,118
2020-07-03,Sedhiou,118
2020-07-04,Sedhiou,118
2020-07-05,Sedhiou,118
2020-07-06,Sedhiou,118
2020-07-07,Sedhiou,118
2020-07-08,Sedhiou,118
2020-07-09,Sedhiou,118
2020-07-10,Sedhiou,118
2020-07-11,Sedhiou,118
2020-07-12,Sedhiou,118
2020-07-13,Sedhiou,118
2020-07-14,Sedhiou,118
2020-07-15,Sedhiou,118
2020-07-16,Sedhiou,118
2020-07-17,Sedhiou,118
2020-07-20,Sedhiou,118
2020-07-21,Sedhiou,118
2020-07-22,Sedhiou,118
2020-07-23,Sedhiou,118
2020-07-24,Sedhiou,118
2020-07-25,Sedhiou,120
2020-07-26,Sedhiou,120
2020-07-28,Sedhiou,120
2020-07-29,Sedhiou,121
2020-07-30,Sedhiou,121
2020-08-02,Sedhiou,122
2020-08-04,Sedhiou,122
2020-08-05,Sedhiou,122
2020-08-07,Sedhiou,122
2020-08-09,Sedhiou,122
2020-08-10,Sedhiou,127
2020-08-11,Sedhiou,127
2020-08-12,Sedhiou,129
2020-08-14,Sedhiou,131
2020-08-16,Sedhiou,132
2020-08-17,Sedhiou,135
2020-08-18,Sedhiou,136
2020-08-19,Sedhiou,136
2020-08-20,Sedhiou,136
2020-08-21,Sedhiou,140
2020-08-22,Sedhiou,142
2020-08-23,Sedhiou,142
2020-08-24,Sedhiou,143
2020-08-25,Sedhiou,143
2020-08-26,Sedhiou,144
2020-08-27,Sedhiou,144
2020-08-28,Sedhiou,144
2020-08-30,Sedhiou,144
2020-08-31,Sedhiou,144
2020-09-01,Sedhiou,144
2020-09-02,Sedhiou,144
2020-09-03,Sedhiou,146
2020-09-04,Sedhiou,149
2020-09-05,Sedhiou,149
2020-09-06,Sedhiou,149
2020-09-07,Sedhiou,149
2020-09-08,Sedhiou,150
2020-09-09,Sedhiou,150
2020-09-10,Sedhiou,150
2020-09-11,Sedhiou,150
2020-09-12,Sedhiou,150
2020-09-13,Sedhiou,150
2020-09-14,Sedhiou,150
2020-09-15,Sedhiou,150
2020-09-16,Sedhiou,150
2020-09-17,Sedhiou,150
2020-09-18,Sedhiou,150
2020-09-19,Sedhiou,150
2020-09-20,Sedhiou,151
2020-09-21,Sedhiou,151
2020-09-22,Sedhiou,151
2020-09-23,Sedhiou,151
2020-09-24,Sedhiou,151
2020-09-27,Sedhiou,151
2020-09-28,Sedhiou,151
2020-09-29,Sedhiou,151
2020-09-30,Sedhiou,151
2020-10-01,Sedhiou,151
2020-10-02,Sedhiou,151
2020-10-04,Sedhiou,151
2020-10-07,Sedhiou,151
2020-10-08,Sedhiou,151
2020-10-11,Sedhiou,151
2020-10-12,Sedhiou,151
2020-10-14,Sedhiou,151
2020-10-16,Sedhiou,151
2020-10-17,Sedhiou,151
2020-10-19,Sedhiou,151
2020-10-20,Sedhiou,151
2020-03-29,Tambacounda,0
2020-03-31,Tambacounda,0
2020-04-01,Tambacounda,0
2020-04-02,Tambacounda,0
2020-04-03,Tambacounda,1
2020-04-04,Tambacounda,1
2020-04-05,Tambacounda,1
2020-04-06,Tambacounda,1
2020-04-07,Tambacounda,1
2020-04-08,Tambacounda,1
2020-04-09,Tambacounda,1
2020-04-10,Tambacounda,7
2020-04-14,Tambacounda,8
2020-04-15,Tambacounda,9
2020-04-16,Tambacounda,21
2020-04-17,Tambacounda,21
2020-04-18,Tambacounda,21
2020-04-19,Tambacounda,24
2020-04-20,Tambacounda,24
2020-04-21,Tambacounda,30
2020-04-22,Tambacounda,36
2020-04-23,Tambacounda,38
2020-04-24,Tambacounda,54
2020-04-25,Tambacounda,56
2020-04-26,Tambacounda,58
2020-04-27,Tambacounda,58
2020-04-28,Tambacounda,59
2020-04-29,Tambacounda,59
2020-04-30,Tambacounda,63
2020-05-01,Tambacounda,63
2020-05-02,Tambacounda,63
2020-05-03,Tambacounda,64
2020-05-04,Tambacounda,64
2020-05-05,Tambacounda,64
2020-05-06,Tambacounda,65
2020-05-07,Tambacounda,65
2020-05-08,Tambacounda,64
2020-05-09,Tambacounda,64
2020-05-10,Tambacounda,64
2020-05-11,Tambacounda,69
2020-05-12,Tambacounda,69
2020-05-13,Tambacounda,76
2020-05-14,Tambacounda,76
2020-05-15,Tambacounda,81
2020-05-16,Tambacounda,81
2020-05-17,Tambacounda,81
2020-05-18,Tambacounda,85
2020-05-19,Tambacounda,85
2020-05-20,Tambacounda,85
2020-05-21,Tambacounda,85
2020-05-22,Tambacounda,85
2020-05-23,Tambacounda,85
2020-05-24,Tambacounda,85
2020-05-25,Tambacounda,85
2020-05-26,Tambacounda,85
2020-05-27,Tambacounda,85
2020-05-28,Tambacounda,85
2020-05-29,Tambacounda,85
2020-05-30,Tambacounda,85
2020-05-31,Tambacounda,85
2020-06-01,Tambacounda,85
2020-06-02,Tambacounda,85
2020-06-03,Tambacounda,85
2020-06-04,Tambacounda,85
2020-06-05,Tambacounda,85
2020-06-07,Tambacounda,85
2020-06-08,Tambacounda,85
2020-06-09,Tambacounda,85
2020-06-10,Tambacounda,85
2020-06-11,Tambacounda,85
2020-06-12,Tambacounda,85
2020-06-14,Tambacounda,85
2020-06-15,Tambacounda,85
2020-06-16,Tambacounda,85
2020-06-17,Tambacounda,85
2020-06-18,Tambacounda,85
2020-06-19,Tambacounda,85
2020-06-20,Tambacounda,85
2020-06-21,Tambacounda,85
2020-06-22,Tambacounda,85
2020-06-23,Tambacounda,85
2020-06-24,Tambacounda,85
2020-06-25,Tambacounda,86
2020-06-26,Tambacounda,86
2020-06-27,Tambacounda,86
2020-06-28,Tambacounda,86
2020-06-29,Tambacounda,87
2020-06-30,Tambacounda,87
2020-07-01,Tambacounda,87
2020-07-02,Tambacounda,87
2020-07-03,Tambacounda,87
2020-07-04,Tambacounda,87
2020-07-05,Tambacounda,87
2020-07-06,Tambacounda,87
2020-07-07,Tambacounda,87
2020-07-08,Tambacounda,87
2020-07-09,Tambacounda,87
2020-07-10,Tambacounda,87
2020-07-11,Tambacounda,87
2020-07-12,Tambacounda,87
2020-07-13,Tambacounda,87
2020-07-14,Tambacounda,87
2020-07-15,Tambacounda,87
2020-07-16,Tambacounda,87
2020-07-17,Tambacounda,87
2020-07-20,Tambacounda,87
2020-07-21,Tambacounda,87
2020-07-22,Tambacounda,87
2020-07-23,Tambacounda,87
2020-07-24,Tambacounda,87
2020-07-25,Tambacounda,87
2020-07-26,Tambacounda,87
2020-07-28,Tambacounda,87
2020-07-29,Tambacounda,87
2020-07-30,Tambacounda,87
2020-08-02,Tambacounda,87
2020-08-04,Tambacounda,87
2020-08-05,Tambacounda,87
2020-08-07,Tambacounda,89
2020-08-09,Tambacounda,89
2020-08-10,Tambacounda,91
2020-08-11,Tambacounda,91
2020-08-12,Tambacounda,91
2020-08-14,Tambacounda,91
2020-08-16,Tambacounda,94
2020-08-17,Tambacounda,94
2020-08-18,Tambacounda,94
2020-08-19,Tambacounda,94
2020-08-20,Tambacounda,94
2020-08-21,Tambacounda,94
2020-08-22,Tambacounda,94
2020-08-23,Tambacounda,94
2020-08-24,Tambacounda,94
2020-08-25,Tambacounda,96
2020-08-26,Tambacounda,96
2020-08-27,Tambacounda,99
2020-08-28,Tambacounda,99
2020-08-30,Tambacounda,99
2020-08-31,Tambacounda,103
2020-09-01,Tambacounda,105
2020-09-02,Tambacounda,105
2020-09-03,Tambacounda,105
2020-09-04,Tambacounda,105
2020-09-05,Tambacounda,105
2020-09-06,Tambacounda,105
2020-09-07,Tambacounda,105
2020-09-08,Tambacounda,106
2020-09-09,Tambacounda,106
2020-09-10,Tambacounda,106
2020-09-11,Tambacounda,106
2020-09-12,Tambacounda,106
2020-09-13,Tambacounda,106
2020-09-14,Tambacounda,106
2020-09-15,Tambacounda,106
2020-09-16,Tambacounda,106
2020-09-17,Tambacounda,107
2020-09-18,Tambacounda,107
2020-09-19,Tambacounda,107
2020-09-20,Tambacounda,107
2020-09-21,Tambacounda,107
2020-09-22,Tambacounda,108
2020-09-23,Tambacounda,108
2020-09-24,Tambacounda,108
2020-09-27,Tambacounda,110
2020-09-28,Tambacounda,110
2020-09-29,Tambacounda,110
2020-09-30,Tambacounda,110
2020-10-01,Tambacounda,110
2020-10-02,Tambacounda,110
2020-10-04,Tambacounda,110
2020-10-07,Tambacounda,111
2020-10-08,Tambacounda,111
2020-10-11,Tambacounda,111
2020-10-12,Tambacounda,111
2020-10-14,Tambacounda,111
2020-10-16,Tambacounda,111
2020-10-17,Tambacounda,111
2020-10-19,Tambacounda,111
2020-10-20,Tambacounda,111
2020-03-29,Thies,24
2020-03-31,Thies,26
2020-04-01,Thies,26
2020-04-02,Thies,26
2020-04-03,Thies,26
2020-04-04,Thies,26
2020-04-05,Thies,26
2020-04-06,Thies,26
2020-04-07,Thies,26
2020-04-08,Thies,26
2020-04-09,Thies,26
2020-04-10,Thies,26
2020-04-14,Thies,26
2020-04-15,Thies,26
2020-04-16,Thies,26
2020-04-17,Thies,26
2020-04-18,Thies,26
2020-04-19,Thies,26
2020-04-20,Thies,26
2020-04-21,Thies,26
2020-04-22,Thies,26
2020-04-23,Thies,28
2020-04-24,Thies,29
2020-04-25,Thies,29
2020-04-26,Thies,40
2020-04-27,Thies,46
2020-04-28,Thies,48
2020-04-29,Thies,55
2020-04-30,Thies,57
2020-05-01,Thies,68
2020-05-02,Thies,89
2020-05-03,Thies,95
2020-05-04,Thies,100
2020-05-05,Thies,100
2020-05-06,Thies,100
2020-05-07,Thies,103
2020-05-08,Thies,104
2020-05-09,Thies,104
2020-05-10,Thies,104
2020-05-11,Thies,118
2020-05-12,Thies,123
2020-05-13,Thies,124
2020-05-14,Thies,129
2020-05-15,Thies,133
2020-05-16,Thies,135
2020-05-17,Thies,135
2020-05-18,Thies,135
2020-05-19,Thies,135
2020-05-20,Thies,136
2020-05-21,Thies,151
2020-05-22,Thies,163
2020-05-23,Thies,165
2020-05-24,Thies,165
2020-05-25,Thies,168
2020-05-26,Thies,168
2020-05-27,Thies,168
2020-05-28,Thies,168
2020-05-29,Thies,172
2020-05-30,Thies,173
2020-05-31,Thies,173
2020-06-01,Thies,187
2020-06-02,Thies,190
2020-06-03,Thies,197
2020-06-04,Thies,200
2020-06-05,Thies,210
2020-06-07,Thies,215
2020-06-08,Thies,223
2020-06-09,Thies,226
2020-06-10,Thies,227
2020-06-11,Thies,232
2020-06-12,Thies,233
2020-06-14,Thies,272
2020-06-15,Thies,280
2020-06-16,Thies,286
2020-06-17,Thies,286
2020-06-18,Thies,305
2020-06-19,Thies,328
2020-06-20,Thies,355
2020-06-21,Thies,368
2020-06-22,Thies,385
2020-06-23,Thies,396
2020-06-24,Thies,400
2020-06-25,Thies,408
2020-06-26,Thies,447
2020-06-27,Thies,459
2020-06-28,Thies,470
2020-06-29,Thies,515
2020-06-30,Thies,558
2020-07-01,Thies,584
2020-07-02,Thies,612
2020-07-03,Thies,637
2020-07-04,Thies,655
2020-07-05,Thies,669
2020-07-06,Thies,676
2020-07-07,Thies,683
2020-07-08,Thies,686
2020-07-09,Thies,721
2020-07-10,Thies,731
2020-07-11,Thies,742
2020-07-12,Thies,771
2020-07-13,Thies,775
2020-07-14,Thies,778
2020-07-15,Thies,800
2020-07-16,Thies,813
2020-07-17,Thies,826
2020-07-20,Thies,874
2020-07-21,Thies,875
2020-07-22,Thies,904
2020-07-23,Thies,916
2020-07-24,Thies,940
2020-07-25,Thies,943
2020-07-26,Thies,960
2020-07-28,Thies,970
2020-07-29,Thies,989
2020-07-30,Thies,1011
2020-08-02,Thies,1043
2020-08-04,Thies,1049
2020-08-05,Thies,1067
2020-08-07,Thies,1127
2020-08-09,Thies,1195
2020-08-10,Thies,1212
2020-08-11,Thies,1223
2020-08-12,Thies,1249
2020-08-14,Thies,1297
2020-08-16,Thies,1313
2020-08-17,Thies,1356
2020-08-18,Thies,1370
2020-08-19,Thies,1389
2020-08-20,Thies,1407
2020-08-21,Thies,1433
2020-08-22,Thies,1448
2020-08-23,Thies,1464
2020-08-24,Thies,1469
2020-08-25,Thies,1475
2020-08-26,Thies,1491
2020-08-27,Thies,1502
2020-08-28,Thies,1517
2020-08-30,Thies,1542
2020-08-31,Thies,1545
2020-09-01,Thies,1551
2020-09-02,Thies,1568
2020-09-03,Thies,1585
2020-09-04,Thies,1587
2020-09-05,Thies,1600
2020-09-06,Thies,1606
2020-09-07,Thies,1607
2020-09-08,Thies,1608
2020-09-09,Thies,1619
2020-09-10,Thies,1623
2020-09-11,Thies,1630
2020-09-12,Thies,1636
2020-09-13,Thies,1645
2020-09-14,Thies,1648
2020-09-15,Thies,1649
2020-09-16,Thies,1657
2020-09-17,Thies,1660
2020-09-18,Thies,1665
2020-09-19,Thies,1673
2020-09-20,Thies,1679
2020-09-21,Thies,1684
2020-09-22,Thies,1691
2020-09-23,Thies,1693
2020-09-24,Thies,1696
2020-09-27,Thies,1718
2020-09-28,Thies,1721
2020-09-29,Thies,1733
2020-09-30,Thies,1743
2020-10-01,Thies,1751
2020-10-02,Thies,1760
2020-10-04,Thies,1762
2020-10-07,Thies,1801
2020-10-08,Thies,1805
2020-10-11,Thies,1819
2020-10-12,Thies,1829
2020-10-14,Thies,1843
2020-10-16,Thies,1854
2020-10-17,Thies,1857
2020-10-19,Thies,1866
2020-10-20,Thies,1886
2020-03-29,Ziguinchor,3
2020-03-31,Ziguinchor,3
2020-04-01,Ziguinchor,3
2020-04-02,Ziguinchor,3
2020-04-03,Ziguinchor,3
2020-04-04,Ziguinchor,3
2020-04-05,Ziguinchor,3
2020-04-06,Ziguinchor,3
2020-04-07,Ziguinchor,3
2020-04-08,Ziguinchor,3
2020-04-09,Ziguinchor,3
2020-04-10,Ziguinchor,3
2020-04-14,Ziguinchor,3
2020-04-15,Ziguinchor,4
2020-04-16,Ziguinchor,4
2020-04-17,Ziguinchor,6
2020-04-18,Ziguinchor,6
2020-04-19,Ziguinchor,12
2020-04-20,Ziguinchor,14
2020-04-21,Ziguinchor,15
2020-04-22,Ziguinchor,15
2020-04-23,Ziguinchor,15
2020-04-24,Ziguinchor,15
2020-04-25,Ziguinchor,15
2020-04-26,Ziguinchor,15
2020-04-27,Ziguinchor,15
2020-04-28,Ziguinchor,15
2020-04-29,Ziguinchor,17
2020-04-30,Ziguinchor,17
2020-05-01,Ziguinchor,17
2020-05-02,Ziguinchor,17
2020-05-03,Ziguinchor,17
2020-05-04,Ziguinchor,17
2020-05-05,Ziguinchor,17
2020-05-06,Ziguinchor,17
2020-05-07,Ziguinchor,17
2020-05-08,Ziguinchor,17
2020-05-09,Ziguinchor,17
2020-05-10,Ziguinchor,17
2020-05-11,Ziguinchor,17
2020-05-12,Ziguinchor,17
2020-05-13,Ziguinchor,17
2020-05-14,Ziguinchor,18
2020-05-15,Ziguinchor,18
2020-05-16,Ziguinchor,18
2020-05-17,Ziguinchor,18
2020-05-18,Ziguinchor,18
2020-05-19,Ziguinchor,18
2020-05-20,Ziguinchor,18
2020-05-21,Ziguinchor,18
2020-05-22,Ziguinchor,18
2020-05-23,Ziguinchor,19
2020-05-24,Ziguinchor,20
2020-05-25,Ziguinchor,20
2020-05-26,Ziguinchor,20
2020-05-27,Ziguinchor,21
2020-05-28,Ziguinchor,35
2020-05-29,Ziguinchor,41
2020-05-30,Ziguinchor,43
2020-05-31,Ziguinchor,43
2020-06-01,Ziguinchor,43
2020-06-02,Ziguinchor,57
2020-06-03,Ziguinchor,57
2020-06-04,Ziguinchor,57
2020-06-05,Ziguinchor,60
2020-06-07,Ziguinchor,62
2020-06-08,Ziguinchor,62
2020-06-09,Ziguinchor,63
2020-06-10,Ziguinchor,66
2020-06-11,Ziguinchor,67
2020-06-12,Ziguinchor,68
2020-06-14,Ziguinchor,75
2020-06-15,Ziguinchor,75
2020-06-16,Ziguinchor,78
2020-06-17,Ziguinchor,79
2020-06-18,Ziguinchor,82
2020-06-19,Ziguinchor,93
2020-06-20,Ziguinchor,96
2020-06-21,Ziguinchor,101
2020-06-22,Ziguinchor,109
2020-06-23,Ziguinchor,109
2020-06-24,Ziguinchor,119
2020-06-25,Ziguinchor,125
2020-06-26,Ziguinchor,129
2020-06-27,Ziguinchor,129
2020-06-28,Ziguinchor,133
2020-06-29,Ziguinchor,133
2020-06-30,Ziguinchor,136
2020-07-01,Ziguinchor,143
2020-07-02,Ziguinchor,149
2020-07-03,Ziguinchor,150
2020-07-04,Ziguinchor,152
2020-07-05,Ziguinchor,152
2020-07-06,Ziguinchor,153
2020-07-07,Ziguinchor,155
2020-07-08,Ziguinchor,157
2020-07-09,Ziguinchor,159
2020-07-10,Ziguinchor,162
2020-07-11,Ziguinchor,164
2020-07-12,Ziguinchor,166
2020-07-13,Ziguinchor,167
2020-07-14,Ziguinchor,167
2020-07-15,Ziguinchor,174
2020-07-16,Ziguinchor,179
2020-07-17,Ziguinchor,183
2020-07-20,Ziguinchor,199
2020-07-21,Ziguinchor,200
2020-07-22,Ziguinchor,209
2020-07-23,Ziguinchor,213
2020-07-24,Ziguinchor,221
2020-07-25,Ziguinchor,223
2020-07-26,Ziguinchor,245
2020-07-28,Ziguinchor,250
2020-07-29,Ziguinchor,255
2020-07-30,Ziguinchor,260
2020-08-02,Ziguinchor,262
2020-08-04,Ziguinchor,265
2020-08-05,Ziguinchor,271
2020-08-07,Ziguinchor,279
2020-08-09,Ziguinchor,289
2020-08-10,Ziguinchor,313
2020-08-11,Ziguinchor,325
2020-08-12,Ziguinchor,345
2020-08-14,Ziguinchor,373
2020-08-16,Ziguinchor,377
2020-08-17,Ziguinchor,393
2020-08-18,Ziguinchor,404
2020-08-19,Ziguinchor,422
2020-08-20,Ziguinchor,428
2020-08-21,Ziguinchor,444
2020-08-22,Ziguinchor,462
2020-08-23,Ziguinchor,476
2020-08-24,Ziguinchor,478
2020-08-25,Ziguinchor,481
2020-08-26,Ziguinchor,490
2020-08-27,Ziguinchor,501
2020-08-28,Ziguinchor,509
2020-08-30,Ziguinchor,517
2020-08-31,Ziguinchor,517
2020-09-01,Ziguinchor,520
2020-09-02,Ziguinchor,527
2020-09-03,Ziguinchor,530
2020-09-04,Ziguinchor,532
2020-09-05,Ziguinchor,537
2020-09-06,Ziguinchor,537
2020-09-07,Ziguinchor,537
2020-09-08,Ziguinchor,540
2020-09-09,Ziguinchor,542
2020-09-10,Ziguinchor,542
2020-09-11,Ziguinchor,542
2020-09-12,Ziguinchor,544
2020-09-13,Ziguinchor,546
2020-09-14,Ziguinchor,546
2020-09-15,Ziguinchor,548
2020-09-16,Ziguinchor,548
2020-09-17,Ziguinchor,549
2020-09-18,Ziguinchor,550
2020-09-19,Ziguinchor,551
2020-09-20,Ziguinchor,551
2020-09-21,Ziguinchor,551
2020-09-22,Ziguinchor,553
2020-09-23,Ziguinchor,553
2020-09-24,Ziguinchor,555
2020-09-27,Ziguinchor,556
2020-09-28,Ziguinchor,556
2020-09-29,Ziguinchor,556
2020-09-30,Ziguinchor,556
2020-10-01,Ziguinchor,557
2020-10-02,Ziguinchor,557
2020-10-04,Ziguinchor,557
2020-10-07,Ziguinchor,560
2020-10-08,Ziguinchor,561
2020-10-11,Ziguinchor,562
2020-10-12,Ziguinchor,562
2020-10-14,Ziguinchor,563
2020-10-16,Ziguinchor,564
2020-10-17,Ziguinchor,565
2020-10-19,Ziguinchor,566
2020-10-20,Ziguinchor,566
